cbsa,pop,med_income,laborforce,employed,proptax,employment_rate
10020,58041,21933,26990,24897,240,0.922452760281586
10100,40612,27081,22781,22095,1767,0.969887186690663
10140,72272,22049,32368,27434,1509,0.84756549678695
10180,165083,22407,79106,70659,1267,0.89321922483756
10220,37438,21724,19158,17859,537,0.932195427497651
10260,19458,,5979,4600,247,0.769359424652952
10300,99878,23428,48814,42966,1999,0.880198303765313
10380,305538,,98173,75707,353,0.771159076324448
10420,702966,26109,374541,336146,2234,0.897487858472103
10460,64176,20712,28224,22843,592,0.809346655328798
10500,157634,20567,71893,61582,1146,0.856578526421209
10540,116871,23701,54434,49018,2090,0.90050336186942
10580,870890,31077,471782,436085,3826,0.924335816118461
10620,60489,22268,29810,26056,995,0.874069104327407
10660,31188,24530,16417,15582,1205,0.94913808856673
10700,93070,20484,42190,38301,452,0.907821758710595
10740,885683,26438,443222,403339,1541,0.910015748315742
10760,52839,20321,23703,20851,286,0.879677677931064
10780,153704,20790,67665,61881,454,0.914520062070494
10820,36167,25883,19512,18393,1578,0.942650676506765
10860,41014,19975,18457,17100,925,0.926477759115783
10880,111589,24819,55387,50565,2043,0.912939859533826
10900,821273,27607,427438,389409,3552,0.91103037165624
10940,42340,20870,18759,16482,1286,0.878618263233648
10980,29602,21068,13949,12350,1288,0.885368126747437
11020,127133,22731,62709,57879,1078,0.92297756302923
11060,26275,23858,12934,10701,538,0.827354260089686
11100,250224,25498,127296,120792,1942,0.948906485671191
11140,37388,18884,17125,14856,980,0.867503649635036
11180,89734,21072,52639,49541,2196,0.941146298371929
11220,50025,23905,24291,21503,2884,0.885224980445433
11260,380789,33219,211440,185897,3383,0.879195043511162
11300,131244,24806,62374,55181,895,0.884679513900023
11340,187228,22841,89215,79421,705,0.890220254441518
11380,15006,28053,7305,6907,909,0.945516769336071
11420,34116,23338,18334,16381,808,0.893476600850878
11460,346010,29197,186321,169510,3910,0.909773992196263
11500,117834,19649,54173,46788,428,0.863677477710299
11540,225737,30403,126725,119732,2937,0.944817518248175
11580,34628,18192,14093,12258,1098,0.86979351451075
11620,57007,21654,26098,24718,654,0.947122384857077
11660,23050,15072,10915,9635,513,0.882730187814934
11700,425219,24194,211076,192827,1186,0.913542989255055
11740,53203,23000,26729,23780,1478,0.889670395450634
11780,101262,20734,47290,42033,1500,0.888834848805244
11820,37068,22840,19101,16930,1846,0.886341029265484
11860,16854,21557,8255,7561,1360,0.915929739551787
11900,64592,12641,29732,26257,1487,0.883122561549845
11940,52325,20340,23488,21069,550,0.897011239782016
11980,78558,21384,34488,31341,1096,0.90875086986778
12020,193309,21145,92387,85262,1528,0.922878759998701
12060,5291701,29490,2803000,2492259,1799,0.889139850160542
12100,274402,26924,147279,129418,4978,0.878726770279538
12140,42218,24729,21182,18765,852,0.885893683316023
12180,79996,26004,40438,37066,2699,0.916613086700628
12220,140938,21080,71251,63363,752,0.889292781855693
12260,556938,24233,264284,230515,923,0.872224576591848
12300,122022,25211,63904,58528,1766,0.915873810716074
12380,39115,25405,20301,19101,1065,0.940889611349195
12420,1731777,30621,953224,880341,3861,0.923540531921143
12460,27815,20095,11436,10466,748,0.915180132913606
12540,839153,21005,365138,314751,1795,0.86200559788354
12580,2715650,34303,1481097,1349408,2765,0.911086849814698
12620,153742,21058,80724,74423,1627,0.921943907635895
12660,61953,26905,35245,32916,2947,0.933919704922684
12700,216021,31001,110878,101753,2701,0.917702339508288
12740,59462,29439,33684,31606,3659,0.938308989431184
12780,51112,25034,24497,22875,887,0.933787810752337
12820,27893,18531,11156,9966,253,0.893330942990319
12860,59992,26110,32347,29842,2910,0.922558506198411
12900,36572,20001,16928,15463,512,0.913456994328923
12940,802389,25874,409110,378381,704,0.924888171885312
12980,136063,22131,66429,57476,1891,0.865224525433169
13020,107633,23690,52807,46888,1808,0.887912587346375
13060,36653,21529,17231,15527,1188,0.901108467297313
13100,22209,24555,11554,10842,1934,0.938376319889216
13140,388430,23260,178454,161671,1411,0.905953354926199
13180,88741,26915,47382,43967,3010,0.927926216706766
13220,78852,20859,31853,29885,467,0.938216180579537
13260,46131,21908,21307,19171,788,0.899751255455954
13300,32083,18662,10835,9796,949,0.904107060452238
13340,45816,25021,22792,20326,1445,0.891804141804142
13380,201404,24486,106269,96174,2300,0.905005222595489
13420,44652,21092,22891,20487,1411,0.894980560045433
13460,158884,26014,80463,70758,2458,0.879385556094105
13500,28750,16822,10806,9151,360,0.846844345733852
13540,36990,24592,20109,18686,3367,0.929235665622358
13620,39188,22533,19775,18146,2613,0.917623261694058
13660,42947,17319,20167,17063,1406,0.846085188674567
13700,34927,22152,13467,12521,782,0.929754214004604
13740,158248,26420,86929,82535,1669,0.949453001875094
13780,250995,24058,126495,115915,2610,0.916360330447844
13820,1128093,25486,556631,502103,748,0.902039232453816
13860,18474,26641,9610,8911,1533,0.927263267429761
13900,109380,30630,63608,61286,2337,0.963495157841781
13940,45312,21304,20346,18967,975,0.932222549886956
13980,162708,19033,80302,74171,1065,0.923650718537521
14020,192663,18995,97794,89846,955,0.918727120273227
14060,169689,27979,94504,88146,3374,0.932722424447642
14100,85227,23149,42222,39706,1458,0.94041021268533
14140,107097,19178,43465,40549,473,0.932911538019096
14180,46388,18107,20708,18157,378,0.876810894340352
14220,47025,17597,18376,15356,291,0.835655202437963
14260,619618,25227,311069,279755,1386,0.899334231312024
14300,33867,21402,14861,13704,1325,0.922145212300653
14340,26324,27318,14270,13574,1647,0.951226348983882
14380,51103,14558,27740,25241,941,0.909913482335977
14420,21992,25061,10239,9461,884,0.924016017189179
14460,4563673,33889,2570531,2363468,4341,0.919447382661403
14500,297218,30714,170258,158407,2203,0.930393872828296
14540,125928,21158,65136,58836,909,0.903279292557111
14580,90339,25899,52978,49576,2020,0.93578466533278
14620,43451,21392,20214,18047,1224,0.892797071336698
14660,91040,23998,44878,40714,1189,0.90721511653817
14700,83564,19521,39969,35649,759,0.891916235082189
14740,251400,30764,129062,106749,2643,0.827114100199904
14780,33628,22772,15234,14597,2089,0.958185637390049
14820,32825,21367,14728,13605,882,0.923750678978816
14860,918892,36013,491349,445341,6601,0.906363908342136
14940,49660,26689,22618,21213,1117,0.937881333451234
15020,34850,20787,14586,13464,586,0.923076923076923
15060,22344,19938,9297,8107,1362,0.872001720985264
15100,31973,19734,18797,17929,2020,0.953822418471033
15140,18673,18719,8586,7440,704,0.866526904262753
15180,405819,16512,157250,142270,1372,0.904737678855326
15220,38018,21021,15833,15239,1241,0.962483420703594
15260,112026,24139,54284,48420,1019,0.89197553606956
15340,43623,22350,20416,18337,1216,0.898168103448276
15380,1135411,26399,584171,535074,3274,0.915954403761912
15420,42722,20648,19988,18441,739,0.922603562137282
15460,47543,23735,24037,22176,1400,0.922577692723718
15500,151170,24390,77750,70408,1024,0.905569131832797
15540,211581,29053,123329,115729,3930,0.938376213218302
15580,34164,21816,17294,16171,1373,0.935064184110096
15620,47639,20830,22482,19129,1416,0.850858464549417
15660,55192,22073,25949,23399,884,0.901730317160584
15700,32570,25508,17298,15159,1724,0.876344086021505
15740,40056,21061,18559,16438,1064,0.885715825206099
15780,31267,18377,14465,12706,374,0.878396128586243
15820,24514,18813,11275,9930,675,0.880709534368071
15860,47006,19506,15940,14687,771,0.921392722710163
15900,36989,23146,16670,15281,1523,0.916676664667067
15940,404421,23771,204770,183983,1580,0.898486106363237
15980,624155,25329,285545,247459,1949,0.866619972333608
16020,96226,21548,48694,44898,930,0.922043783628373
16060,59992,17533,29488,26709,1780,0.90575827455236
16100,53693,25192,26587,24561,466,0.923797344566893
16180,55184,26722,28404,23583,1316,0.830270384452894
16220,75876,28134,42274,39868,1107,0.943085584520036
16260,45984,19320,21657,18819,1068,0.868956919240892
16300,258684,30002,142519,135077,1962,0.947782400943032
16340,41350,20891,18774,16213,890,0.863587940769149
16380,40866,26836,21507,19980,1519,0.928999860510531
16420,31399,20702,12798,11764,539,0.919206125957181
16460,39319,21857,19193,17096,1187,0.890741416141302
16500,75399,22775,33965,29672,1545,0.873605181804799
16540,149554,27058,75581,70019,1881,0.926410076606555
16580,231655,23163,123775,114762,2885,0.927182387396486
16620,303995,24719,141826,131631,654,0.928116142315231
16660,64727,19406,33808,30274,1677,0.895468528159016
16700,669157,26480,352058,308166,1019,0.87532736083259
16740,1766452,28252,949342,848674,1669,0.893960237722549
16820,201909,29713,101998,96167,1880,0.942832212396322
16860,528667,23304,267414,240255,1132,0.898438376449999
16900,33028,19066,14754,12436,550,0.842890063711536
16940,91719,30642,49964,44889,1166,0.898426867344488
16980,9460763,30020,5020291,4480753,4544,0.892528540676228
17020,220101,20845,102322,87362,1648,0.853794882820899
17060,77741,22682,34938,29855,1244,0.854513710000573
17140,2129745,27970,1114170,1017578,2076,0.9133058689428
17200,43534,27826,23830,22463,4065,0.942635333613093
17220,93995,21270,42479,39329,567,0.92584571199887
17260,26099,15969,10777,8886,565,0.824533729238192
17300,274404,25236,133366,102539,1014,0.768854130737969
17340,64360,19617,28134,23786,1609,0.845453899196702
17380,34239,15858,14959,12488,810,0.834815161441273
17420,115985,20267,55376,48774,774,0.88077867668304
17460,2074824,26424,1075703,963681,2636,0.895861590048554
17500,38669,18327,17420,14308,1031,0.821354764638347
17540,49074,25226,25776,23994,1531,0.93086592178771
17580,48101,22559,23675,20300,576,0.857444561774023
17620,71596,,22571,18550,394,0.821851047804705
17660,139083,23640,69650,63061,1275,0.905398420674803
17700,35167,21834,17514,15473,1077,0.883464656845952
17740,44920,21650,20143,17698,1380,0.87861788214268
17780,227843,17745,114746,105376,2304,0.918341380091681
17820,645979,29345,343714,288077,1117,0.838129956882757
17860,173426,23843,97665,91106,1410,0.93284185736958
17900,767299,25945,406449,352525,855,0.867328988384767
17940,80965,23909,41164,37450,950,0.909775532018269
17980,297618,23235,145680,116239,800,0.797906370126304
18020,77297,27527,40483,37521,1122,0.926833485660648
18060,59584,20861,28753,23930,680,0.832260981462804
18100,32195,26563,17855,16901,1749,0.946569588350602
18140,1840267,29220,985020,905664,2683,0.919437168788451
18180,146742,31474,81408,76108,5019,0.934895833333333
18220,24220,20082,10645,9006,692,0.846031000469704
18260,105738,18845,46889,42338,724,0.902940988291497
18300,62937,20346,28154,24496,1468,0.870071748241813
18340,35756,15142,13905,12368,499,0.889464221503057
18380,23460,18670,9873,8371,846,0.847867922617239
18420,37027,18423,16701,14751,494,0.88324052451949
18460,43038,22025,18917,17097,1031,0.903790241581646
18500,98992,25209,47617,43191,2302,0.907050003150136
18580,429311,22251,208903,189718,1943,0.908163118768041
18620,47739,21406,22945,20987,1211,0.914665504467204
18660,49453,23333,24702,22769,3080,0.921747226945187
18700,85501,21434,44090,40323,2831,0.914561124971649
18740,36880,21935,17230,15484,1041,0.898665118978526
18820,38207,23486,19260,17458,555,0.90643821391485
18860,28496,19585,10676,9381,1470,0.878699887598352
18880,183400,26887,98574,82531,1347,0.837249173209974
18900,56144,20272,22931,20510,509,0.894422397627666
18940,61611,19270,27711,25305,235,0.913175273357151
18980,80403,20805,37012,33561,311,0.906759969739544
19020,46894,30953,23331,21775,1787,0.933307616475933
19060,102694,20602,46575,42022,1078,0.902243692968331
19100,6400781,29868,3367369,3098480,3225,0.920148638298921
19140,141787,21691,68194,59920,742,0.878669677684254
19180,81463,24172,37568,33279,1406,0.885833688245315
19220,53116,19295,24170,21714,761,0.898386429458006
19260,106503,21038,50879,45077,598,0.885964739873032
19300,183226,25643,88882,81065,587,0.912051934024887
19340,379735,27363,196683,183352,2147,0.932220883350366
19380,842459,25345,426530,379533,2128,0.889815487773427
19460,153478,22397,75064,66544,419,0.8864968560162
19500,110558,25398,54555,48864,1971,0.8956832554303
19540,34343,25479,16678,15377,1012,0.921993044729584
19580,38975,25242,19758,17577,1353,0.889614333434558
19620,48578,19265,22115,18834,1294,0.851639158941895
19660,495581,23100,224345,201019,1642,0.896026209632486
19700,25162,16440,10297,8892,461,0.863552491016801
19740,2554243,32373,1430050,1312357,1751,0.917700080416769
19760,35662,23815,15690,14184,327,0.904015296367113
19780,571592,31603,322469,304100,2546,0.943036384892811
19820,4304617,26772,2144842,1845637,2730,0.860500214001777
19860,25520,27202,14954,14512,1792,0.970442690918818
19900,31733,16222,12935,11022,362,0.852106687282567
19940,35778,25218,17852,16202,2413,0.907573381133767
19980,33725,26122,17354,16194,1533,0.933156620951942
20020,145503,21199,68229,61923,373,0.907575957437453
20060,50921,19981,21147,18913,610,0.894358537854069
20100,162785,27404,81541,71093,883,0.871868139954134
20140,58245,20758,22961,21409,613,0.932407125125212
20180,81668,20923,38429,34880,1227,0.907647870098103
20220,93776,25782,52289,49712,1839,0.950716211822754
20260,279417,23990,144743,132410,1433,0.914793806954395
20300,21765,23114,10895,10292,1112,0.944653510784764
20340,44848,22604,20661,19081,586,0.923527418808383
20380,115559,23141,54694,45037,1084,0.823435843054083
20420,51443,27914,29225,27400,953,0.937553464499572
20460,42494,19770,19848,17935,597,0.903617492946393
20500,506459,26869,269107,246851,2047,0.917296837317498
20540,38234,20765,17939,16358,752,0.911867997101288
20580,54107,14684,22095,19706,1051,0.891875990042996
20620,107598,21163,51838,46118,1144,0.889656236737529
20660,37746,29949,19321,17721,1855,0.91718855131722
20700,169346,24606,87889,76469,3800,0.870063375393963
20740,161314,24325,90352,84269,2553,0.932674428900301
20780,59222,34781,37817,35674,2164,0.943332363751752
20820,34258,25614,18490,17441,1815,0.943266630611141
20900,41153,20174,20368,18931,1461,0.929448153967007
20940,173487,16693,71327,58215,1393,0.816170594585501
20980,41594,19650,18583,16952,432,0.912231609535597
21020,63930,23222,31380,26624,1224,0.848438495857234
21060,118688,25196,58306,47422,916,0.81332967447604
21120,22519,23981,10203,9899,528,0.970204841713222
21140,198214,24289,100351,89276,1227,0.889637372821397
21220,50942,32160,26859,25457,1027,0.947801481812428
21260,40954,20274,20649,18592,1937,0.900382585113081
21300,88779,24876,42129,39060,2393,0.927152317880795
21340,801115,19308,357931,314337,2273,0.878205575935027
21380,36891,20099,20073,18664,1449,0.929806207343197
21420,60272,23651,30599,27703,704,0.905356384195562
21460,100095,24175,47083,39191,421,0.832381114202578
21500,280181,22468,140498,127574,2097,0.908012925450896
21540,37075,21009,17694,15824,1329,0.894314456878038
21580,40201,21954,18892,16346,572,0.86523396146517
21640,30011,16105,11522,9940,344,0.86269744835966
21660,351794,22165,175883,155471,2145,0.883945577457742
21700,134317,20899,66478,59383,1750,0.893272962483829
21740,20942,25699,10916,10305,948,0.944027116159766
21780,358402,25612,184040,171136,895,0.929884807650511
21820,97523,32844,55029,46244,2789,0.840356902724018
21860,20727,25876,10722,10252,949,0.956164894609215
21900,56460,21837,26225,24780,615,0.944899904671115
21940,70633,,27240,21886,582,0.80345080763583
21980,24779,27970,11904,9880,1211,0.82997311827957
22020,209177,27306,127201,121114,2408,0.952146602621049
22060,64171,24501,35452,33135,1979,0.934644025724924
22100,65246,19238,27905,25108,821,0.899767066833901
22140,128600,25060,56842,52754,709,0.928081348298793
22180,366697,25946,184863,133797,1353,0.723763002872397
22220,464729,24931,232692,217118,953,0.933070324721091
22260,57381,25215,29463,27638,1181,0.938057903132743
22280,51797,24926,23177,18916,1276,0.816153945722052
22300,75043,25527,40175,36758,1478,0.914947106409459
22340,27258,16878,10988,9486,658,0.863305424099017
22380,134011,21320,70960,64896,1353,0.914543404735062
22420,425337,23985,192565,161470,1965,0.838522057487082
22500,205214,21661,98208,85904,420,0.874714890843923
22520,146979,21525,67471,61311,471,0.908701516206963
22540,101577,26604,57001,52915,2746,0.92831704706935
22580,67446,19862,29873,25426,743,0.851136477755833
22620,28089,17469,10815,9433,368,0.872214516874711
22660,300870,26964,170089,156358,1605,0.919271675416988
22700,37895,22860,19928,18033,1246,0.904907667603372
22780,51620,21565,30029,15104,781,0.502980452229512
22800,42823,22578,21216,19561,1073,0.921992835595777
22820,28200,23101,13786,12758,903,0.925431597272595
22840,70949,19561,31476,27992,318,0.889312492057441
22860,51542,25904,24910,18018,296,0.723323966278603
22900,297576,20076,134906,123165,576,0.912969030287756
22980,27531,21054,13189,11310,1252,0.857532792478581
23060,416851,27191,213738,193720,995,0.906343280090578
23140,33179,23425,16657,15054,757,0.903764183226271
23180,70841,27110,36260,33020,1178,0.910645339216768
23240,24777,26304,12358,11721,2325,0.948454442466419
23300,47532,23431,24390,21580,2452,0.884788847888479
23340,36590,24336,19825,18540,1941,0.935182849936948
23380,60842,25604,30902,28393,1288,0.918807844152482
23420,930517,20776,424620,364567,1721,0.858572370590175
23460,104317,20362,44970,39772,413,0.884411830108962
23500,55351,19032,24537,20998,490,0.855768838896361
23540,264853,22305,133537,122241,1875,0.915409212428016
23580,180831,25983,87953,80419,1457,0.914340613736882
23620,38427,25366,19588,17888,1885,0.913212170716765
23660,70421,21591,33419,30358,1536,0.908405398126814
23700,71888,16652,26444,23303,948,0.881220692784753
23780,36608,25365,19427,18709,1454,0.963041128326556
23820,47056,30856,23841,20959,1860,0.879115808900633
23860,60285,21384,26001,22258,822,0.856043998307757
23900,101352,27078,54675,51427,2482,0.940594421582076
23940,45840,38485,26594,25542,1087,0.960442205008649
23980,52303,19641,24490,22585,678,0.922213148223765
24020,128808,26433,66286,60554,2853,0.913526234800712
24100,55358,24822,26769,24110,2403,0.900668683925436
24140,122419,22679,61237,50688,915,0.827734866175678
24180,59605,27591,28079,26240,1671,0.934506214608782
24220,98316,24515,56635,52746,2056,0.931332215061358
24260,72754,25163,40291,38155,1978,0.946985679183937
24300,146562,26093,74231,68370,1093,0.921043768775848
24340,777159,25114,401622,359418,2190,0.894916115153054
24380,27293,17639,11296,9106,509,0.806126062322946
24420,82636,20006,34659,29934,1304,0.863671773565308
24460,27556,24639,14781,13840,1184,0.936337189635343
24500,81248,24115,42032,36774,1457,0.874904834411877
24540,253552,27262,129932,120443,1246,0.926969491734138
24580,306758,28316,168389,156762,2862,0.930951546716235
24620,68755,18954,31310,28113,531,0.897892047269243
24660,724408,24573,374839,334542,1331,0.892495177929725
24700,25772,24825,13188,11934,726,0.9049135577798
24740,51010,16180,22203,17518,633,0.788992478493897
24780,189337,20524,100058,88744,1169,0.886925583161766
24820,52776,23166,26365,23789,1174,0.902294708894368
24860,638721,23174,318480,286079,850,0.898263627229339
24900,42749,15149,15567,12859,531,0.826042268902165
24940,69531,21002,32566,27897,719,0.856629613707548
24980,21886,18508,9887,8797,669,0.889754222716699
25020,84017,,28283,21261,612,0.751723650249266
25060,249811,23653,125843,107599,882,0.855025706634457
25100,20620,24755,10748,10014,498,0.931708224786007
25180,269799,27239,138485,124762,1525,0.900906235332346
25220,121209,20707,58924,52221,485,0.886243296449664
25260,151982,22456,65687,51920,1427,0.790415150638635
25300,38901,22133,19143,17977,842,0.939090006790994
25340,54027,21962,24528,22088,824,0.900521852576647
25380,24975,19980,10765,9562,966,0.888248954946586
25420,548996,29757,294758,273522,2286,0.927954457555011
25460,45318,19915,20398,18780,527,0.92067849789195
25500,125396,20852,61639,57812,1121,0.937912685150635
25540,1211280,32913,662866,603557,4693,0.910526411069507
25580,37796,24844,20369,19301,1798,0.947567381805685
25620,143175,20884,70042,62548,1003,0.893007052911111
25660,16157,22937,7969,7533,1435,0.945287990964989
25700,28525,22151,17459,16643,1726,0.953261927945472
25720,23661,28330,11752,11152,1640,0.948944860449285
25740,74792,29710,40623,38002,1866,0.93547990054895
25760,21646,16056,9056,7373,366,0.814156360424028
25780,45183,19280,19524,17204,883,0.881171891005941
25820,19275,23450,8590,8091,1346,0.941909196740396
25860,364529,21880,178897,158710,843,0.88715853256343
25900,185399,25779,92167,83150,760,0.902166719107707
25940,187108,26521,91890,76082,1206,0.827968222875177
25980,79151,25815,39145,27891,1409,0.712504789883766
26020,64670,25378,29083,26623,437,0.91541450331809
26100,264835,25281,140103,127843,2338,0.912492951614169
26140,140805,20451,53183,44796,1022,0.842299230957261
26180,955215,31358,513617,447382,1607,0.871042041053937
26220,22207,25116,12075,11327,2247,0.938053830227743
26260,31551,18535,14883,13315,359,0.894644896862192
26300,96249,21122,43404,39260,661,0.904524928578011
26340,38687,17886,18017,16366,1137,0.908364322584226
26380,208119,23415,99106,92823,408,0.936603232902145
26420,5962416,28503,3048340,2808873,3079,0.921443474153146
26460,62881,28407,32658,29897,3854,0.915457162104232
26480,49594,20753,22715,19772,690,0.870438036539732
26500,45931,21394,20499,18869,1092,0.920483926045173
26540,37144,23430,19816,17541,869,0.885193782801776
26580,287234,20918,124809,114233,707,0.91526252113229
26620,417974,27938,216697,194868,671,0.899264872148669
26660,67447,23957,23595,22349,1583,0.947192201737656
26700,17372,25274,9517,9172,1335,0.963749080592624
26740,64346,24323,31949,30060,1453,0.940874518764281
26780,36527,29348,20083,18892,1920,0.940696111138774
26820,130117,23673,62135,58166,1189,0.936122958075159
26860,88648,19987,42933,39435,1587,0.918524212144504
26900,1759791,28632,930248,846267,1443,0.909721923616068
26940,29230,14043,10557,8333,678,0.789334091124372
26980,153392,26222,90196,86219,2543,0.955907135571422
27020,30772,22564,14883,13547,1531,0.910233151918296
27060,101570,23367,53251,50091,4066,0.940658391391711
27100,160257,23247,75223,66072,1701,0.878348377490927
27140,540752,24649,264082,240503,928,0.910713339038632
27180,115019,21473,56229,49652,796,0.883031887460207
27220,31333,30571,19694,18405,2647,0.934548593480248
27260,1349130,27650,704084,619267,1660,0.87953568040177
27300,40866,25038,21087,19503,1638,0.924882629107981
27340,176461,24617,96267,57772,939,0.600122575752854
27380,50690,20086,20893,19527,934,0.934619250466664
27420,20965,25891,11428,11043,1490,0.966310815540777
27460,134599,21513,64637,59318,2277,0.91770967093151
27500,160356,26201,83596,75146,2820,0.898918608545863
27540,54844,26369,28832,27267,977,0.945720033296337
27580,16600,,6112,4582,273,0.74967277486911
27620,149414,27864,76152,71765,1079,0.942391532724026
27660,31529,21376,13190,12011,199,0.910614101592115
27700,30157,18894,12638,11114,689,0.879411299256211
27740,198658,20610,94592,86929,762,0.918988920838972
27780,143305,21897,66335,60829,1196,0.916997060375367
27860,121215,20994,58652,52908,565,0.902066425697333
27900,174807,21396,86518,79336,731,0.916988372361821
27940,31636,38721,18370,17186,2859,0.935547087642896
27980,154937,30056,86585,79206,911,0.914777386383323
28020,326853,22359,169551,149945,2314,0.884365176259651
28060,90967,23882,46661,42564,1869,0.912196481001265
28100,113170,24614,56460,50106,3010,0.887460148777896
28140,2035166,30174,1093951,1005930,2073,0.919538443678008
28180,67113,28964,35302,32492,1122,0.920401110418673
28260,52844,24491,30377,29188,2034,0.96085854429338
28300,77106,25820,43658,39680,4685,0.908882679004993
28340,47547,24469,24287,21488,877,0.884753160126817
28380,31970,17714,12518,11234,566,0.897427704106087
28420,254104,27022,122429,113449,1831,0.926651365281102
28500,49469,22945,22213,20690,1916,0.931436546166659
28540,13525,33070,7577,6611,2237,0.872508908539
28580,73475,26667,41042,37182,2642,0.905950002436528
28620,34019,29787,19896,18127,1438,0.911087655810213
28660,405720,27159,198097,151115,2136,0.762833359414832
28700,308899,20994,142464,129612,757,0.909787735849057
28740,182516,27925,96543,87616,4673,0.907533430699274
28780,32376,17682,15233,13252,1309,0.869953390665004
28820,59372,20724,28155,24280,938,0.862369028591724
28860,29939,15655,13839,12801,807,0.924994580533276
28900,66350,20976,30967,26952,1177,0.870345852036038
28940,699097,25066,352834,325755,1017,0.923252861118826
28980,13710,28010,7869,6529,2098,0.829711526242216
29020,98831,25216,46497,41271,775,0.887605651977547
29060,60206,30594,32686,30713,3798,0.939637765404149
29100,133719,25532,76111,71709,2814,0.94216341921667
29140,202238,21199,105708,97052,1010,0.918114050024596
29180,273945,24616,143737,133870,665,0.931353791995102
29220,40629,17569,15772,13729,478,0.870466649759067
29260,25670,21076,11956,10939,1353,0.914938106390097
29300,67146,20894,31875,27585,1187,0.865411764705882
29340,199241,22593,96331,87952,359,0.913018654431076
29380,67546,20917,29996,24236,1108,0.807974396586211
29420,201216,20816,81278,69713,931,0.857710573586948
29460,604562,22678,274745,241637,1229,0.879495532220787
29500,13761,20963,5211,4838,820,0.928420648627903
29540,519913,27030,271175,252602,2819,0.931509173043238
29580,76364,22326,35227,30315,681,0.860561501121299
29620,464458,25020,241626,217882,2603,0.901732429457095
29660,36186,19434,20642,19700,1253,0.954364887123341
29700,250320,17679,104108,96893,2435,0.930696968532678
29740,208794,19605,98103,85907,884,0.875681681498018
29780,29225,17906,11978,10831,584,0.904241108699282
29820,1954773,28802,1030516,899519,1757,0.872882128952874
29860,84901,19734,36369,33783,552,0.928895487915532
29900,36266,17590,14056,11751,780,0.836013090495162
29940,111073,21929,65623,60759,2362,0.925879645855874
29980,41779,19666,19298,17196,697,0.891076795522852
30020,123101,23661,63291,47931,985,0.757311466085225
30060,35507,21427,16814,15171,621,0.90228381110979
30100,174572,27255,94984,89482,3713,0.942074454644993
30140,133578,27079,69985,64521,2271,0.92192612702722
30220,22988,22637,11290,10586,1153,0.937643932683791
30260,44944,20810,19158,17662,1893,0.921912516964193
30280,30585,21408,15089,13197,904,0.874610643515144
30300,60884,23146,29783,27746,1565,0.931605278178827
30340,107766,24273,57935,52617,2292,0.908207473893156
30380,46694,21676,21243,19377,1505,0.912159299533964
30420,26287,24232,13833,13055,1644,0.943757680907974
30460,472974,25653,257140,236411,1373,0.919386326514739
30500,105528,38315,57008,51480,2462,0.903031153522313
30580,23013,24571,11423,10335,1269,0.90475356736409
30620,106079,22034,52372,46412,1351,0.886198732146949
30660,30278,25211,12118,11364,1955,0.937778511305496
30700,303154,26032,174811,164015,2766,0.938241872651034
30740,78052,25670,40612,35535,1189,0.87498768836797
30780,700952,26079,361201,328915,885,0.910614865407349
30820,39261,20973,18550,17104,1465,0.922048517520216
30860,124834,20952,62576,58190,1039,0.929909230375863
30900,38875,22580,19330,17378,697,0.89901707190895
30940,58891,20012,25623,22574,597,0.881005346758771
30980,214048,22580,100715,93657,1269,0.929921064389614
31020,102138,23063,46319,40204,1907,0.867980742244004
31060,18008,53622,9543,9119,1638,0.955569527402284
31100,12861864,26319,6639066,5943886,3326,0.895289488009307
31140,1284195,26430,668472,602573,1300,0.901418458813533
31180,284439,21201,147778,138075,1825,0.934340700239549
31260,86550,21145,39090,35938,1113,0.919365566641085
31300,133920,17371,54708,48086,708,0.878957373693061
31340,252560,23119,126724,116142,898,0.916495691423882
31380,32568,15543,16402,14801,1655,0.902389952444824
31420,232259,22466,104917,94080,1134,0.896708826977516
31460,150615,20920,58987,52135,1669,0.883838811941614
31500,32501,21933,15868,14375,807,0.905911267960676
31540,570687,31362,337955,318648,4224,0.942871092305188
31580,46891,21828,21839,19844,672,0.908649663446129
31620,24644,17125,10883,9523,463,0.875034457410641
31660,51698,23903,22710,20553,1950,0.905019815059445
31700,401101,33440,230585,214659,5208,0.930932194201704
31740,127657,24737,70194,57166,1902,0.814400091175884
31820,81266,26528,44620,41247,2430,0.924406095921112
31860,96680,24108,58164,54714,1615,0.940684959768929
31900,124286,22530,58691,52842,1438,0.900342471588489
31920,42946,25225,19881,18643,1970,0.937729490468286
31940,65745,22350,32775,29437,1419,0.89815408085431
31980,69886,20341,32321,28764,642,0.889947712013861
32020,66514,20710,29985,27127,1227,0.904685676171419
32060,66335,22542,31518,28636,1287,0.908560187829177
32100,67178,21639,33495,30810,1384,0.919838781907747
32140,25714,25145,14772,14061,1449,0.951868399675061
32180,23232,20507,11239,10430,699,0.928018506984607
32220,65958,22466,31533,28997,1295,0.919576316874386
32260,40568,26104,20503,19040,1437,0.928644588596791
32270,74591,25988,39433,36654,2220,0.929526031496462
32280,34802,18457,16936,14652,610,0.865139348134152
32300,67825,18459,31137,27008,509,0.867392491248354
32340,23305,16070,12427,11637,1049,0.936428743864167
32380,51664,25819,28812,27117,1288,0.941170345689296
32420,105881,,34282,28556,572,0.832973572136982
32460,37200,20485,16727,14921,542,0.892030848329049
32500,31384,17461,13464,12263,557,0.910799168152109
32540,45570,21917,19443,18431,451,0.947950419173996
32580,774820,15616,314687,280833,1484,0.89242008726131
32620,53439,17550,21931,19923,507,0.908440107610232
32660,39767,19219,17419,15694,586,0.900970204948619
32700,29208,26284,15613,15092,1682,0.966630372125793
32740,88492,20841,41731,37889,1677,0.907934149672905
32780,203613,22165,98966,86693,2139,0.875987712951923
32820,1317314,25282,665362,590094,1532,0.886876617540527
32860,43788,21162,23853,22196,3025,0.930532847021339
32900,256398,19710,112888,94612,1457,0.838105024449011
32940,107283,19160,48514,42057,674,0.866904398730264
32980,28710,25821,15163,14119,2209,0.931148189672228
33020,25617,22358,11449,10555,881,0.921914577692375
33060,31940,19650,14725,13268,405,0.901052631578947
33100,5598297,24295,2895800,2565337,2600,0.88588196698667
33140,111335,25479,53594,47716,1025,0.890323543680263
33180,28613,14621,10380,8980,424,0.865125240847784
33220,83744,26169,40675,37279,2119,0.916508912108175
33260,138472,28930,72132,69165,1952,0.958867077025453
33300,55800,18839,21634,19148,827,0.885088286955718
33340,1554593,28628,833878,761723,3951,0.91347055564483
33380,41156,19080,18069,16057,199,0.888649067463612
33420,28010,21552,13124,12111,1068,0.922813166717464
33460,3290811,33527,1874208,1736769,2696,0.926668224658096
33500,69959,26941,39926,35561,1648,0.890672744577468
33540,109402,22982,62587,57234,2286,0.914471056289645
33580,22879,25820,12530,12234,1659,0.976376695929769
33620,25388,20379,11114,10135,715,0.911912902645312
33660,412297,22669,195021,172341,662,0.883704831787346
33700,515115,22484,242072,204032,1820,0.842856670742589
33740,176385,22022,81783,75089,419,0.918149248621352
33780,151944,26786,76211,67556,2037,0.886433716917505
33820,36800,28782,20765,19627,3280,0.945196243679268
33860,374600,24306,181970,162815,451,0.894735395944386
33940,40994,24230,20137,18110,942,0.899339524258827
33980,66415,24963,34090,29851,997,0.875652684071575
34020,54285,20701,24663,21864,294,0.886510156915217
34060,129888,20693,64208,59984,589,0.934213805133317
34100,136682,20196,65057,56789,667,0.872911446885039
34140,37365,18947,19896,18585,1408,0.934107358262967
34180,88885,22282,41942,36814,1562,0.877735921033809
34220,45531,19715,20609,18847,717,0.914503372313067
34260,41387,19770,16505,14878,639,0.901423810966374
34300,26655,23439,13645,10232,1056,0.749871747893001
34340,73551,21003,34710,31364,820,0.903601267646211
34380,70186,14052,37154,31917,1748,0.859046132314152
34420,32045,21321,14601,13509,1174,0.925210602013561
34460,44513,18800,18658,16289,655,0.873030335512917
34500,47338,22311,22597,20436,1215,0.904367836438465
34540,60791,24660,30341,27915,1632,0.920042187139514
34580,117087,28526,56444,50821,2576,0.900379136843597
34620,117459,18991,57478,49852,904,0.867323149726852
34660,37198,18603,19398,17371,821,0.895504691205279
34700,54177,26240,28679,26564,1535,0.926252658739845
34740,171755,21019,81154,68294,1750,0.841535845429677
34780,70635,20793,30688,27958,630,0.911040145985402
34820,270943,22222,136800,121973,636,0.891615497076023
34860,64647,18318,29891,27467,932,0.918905356127262
34900,136644,31613,71970,65382,3524,0.908461859107962
34940,323548,26908,146101,131475,2292,0.899891171176104
34980,1595454,27473,847797,777311,1357,0.916859814318758
35020,53015,17040,21373,18543,504,0.867589949936836
35060,39434,17191,17784,16068,384,0.903508771929825
35100,126193,23698,60917,48236,990,0.791831508445918
35140,37432,23335,18427,16423,833,0.89124654040267
35220,49381,24307,21786,19069,851,0.875286881483522
35260,90885,22558,43951,40388,1486,0.91893244749835
35300,860995,31036,469719,422381,5004,0.899220597846798
35340,73527,21919,33838,30928,319,0.914002009575034
35380,1165967,25468,595344,540063,1005,0.907144440861082
35420,92532,23668,46132,42125,1326,0.913140553195179
35460,35631,16588,15812,13472,610,0.852011130786744
35500,36823,26111,18373,17216,1762,0.937027159418712
35580,25772,24709,14306,13587,1297,0.949741367258493
35620,18923404,31748,9863263,8952200,6753,0.907630669485342
35660,156759,22088,77637,68609,1688,0.883715238868066
35700,47057,19329,19786,17004,1231,0.859395532194481
35740,48136,25104,26482,25377,1757,0.958273544294238
35820,37284,25693,19521,18403,1956,0.942728343834844
35840,705313,26070,321193,283642,1947,0.883088983881965
35860,28373,24161,14154,12269,724,0.866822099759785
35900,69265,18542,31713,27205,748,0.857850093021789
35940,59628,24722,29948,26992,1299,0.901295579003606
35980,273723,32672,151916,133476,3833,0.878617130519498
36020,78707,30679,38902,31399,2301,0.807130738779497
36060,46000,18275,17486,15934,412,0.911243280338556
36100,331987,21428,137248,118721,1300,0.865010783399394
36140,96987,29947,49115,43422,4052,0.884088364043571
36180,51398,27916,25830,23511,1859,0.910220673635308
36220,138193,25196,68404,64519,1160,0.943205075726566
36260,547089,28073,268618,248349,1415,0.924543403643836
36300,112060,21126,51614,46023,1891,0.891676676870616
36340,54865,22288,26236,24093,1238,0.91831834121055
36380,39779,18957,16903,14588,1141,0.863042063539017
36420,1256947,25909,646016,601289,1245,0.930764872696651
36460,80166,22346,39147,35684,2306,0.911538559787468
36500,252410,32871,131838,116794,2580,0.885890259257574
36540,866454,29558,481287,446827,2825,0.92840031000214
36580,62147,21296,31423,28831,2330,0.917512649969767
36620,53671,19594,23095,20166,1164,0.873176012123836
36660,83774,19313,34222,32010,248,0.935363216644264
36700,92229,18607,41418,35067,566,0.846660872084601
36740,2147534,24792,1140520,1012688,1932,0.887917791884404
36780,166984,26369,90335,84483,2861,0.935218907400233
36820,22432,23176,11811,10848,1386,0.918465836931674
36860,154454,25720,80803,72548,2588,0.897837951561204
36900,35449,22474,17987,16366,1160,0.909879357313615
36940,36524,29567,20055,18697,1772,0.932286212914485
36980,114853,22923,54094,50313,872,0.930103153769364
37020,70402,24672,33974,30023,1677,0.88370518631895
37060,47586,18157,22697,20504,977,0.903379301229237
37100,822794,30026,430582,386464,3480,0.897538680204932
37140,98675,22324,45858,42225,783,0.920777181734921
37220,43801,20283,17257,14465,1155,0.838210581213421
37260,74224,19419,29156,25041,845,0.858862669776375
37300,58269,22163,22361,20774,1038,0.929028218773758
37340,544019,25635,262141,229724,1555,0.876337543535731
37380,95987,24280,39815,34997,1704,0.878990330277534
37420,23723,23610,10720,9890,1057,0.922574626865672
37460,168957,25389,88329,76510,1067,0.866193435904403
37500,42224,20673,19153,17381,527,0.907481856628204
37540,32271,20602,14407,12423,558,0.862289164989241
37580,49740,21213,22878,21224,1179,0.927703470583093
37620,161985,22158,75721,68739,752,0.907793082500231
37660,21574,21853,10878,10029,1138,0.921952564809708
37700,162009,24160,76817,68275,989,0.888800656104768
37740,53436,21818,20234,18375,1018,0.908124938222793
37780,13606,15137,5375,4779,607,0.889116279069767
37800,33388,26738,17535,16654,1748,0.949757627601939
37820,86992,23533,41550,37438,1587,0.901034897713598
37860,451950,24518,227258,190233,1174,0.83707944274789
37900,378886,28231,193816,179262,2593,0.924908160317002
37940,36850,20844,17166,14787,520,0.861412093673541
37980,5967349,30769,3123776,2816445,3626,0.901615544776578
38020,55205,25039,23854,19998,1760,0.838349962270479
38060,4210193,28792,2063563,1869750,1428,0.906078467194847
38100,55886,20162,24157,21558,773,0.892412137268701
38180,20004,30953,11630,11226,1827,0.965262252794497
38200,23321,21931,10339,9245,199,0.89418705870974
38220,99688,20137,43135,37426,479,0.867648081604266
38260,39133,19884,19509,18018,991,0.923573735199139
38300,2357981,26042,1216547,1125168,2159,0.924886584735321
38340,130866,25141,68514,62177,2547,0.907507954578626
38380,36153,20734,15801,14662,1081,0.927915954686412
38420,51055,21717,27052,25817,2196,0.954347183202721
38460,82054,25252,39998,36783,2457,0.919620981049052
38500,47045,25665,23878,21656,905,0.906943630119775
38540,90301,21861,44919,41412,1319,0.92192613370734
38580,58119,20819,24437,22032,732,0.90158366411589
38620,46288,21978,21683,19913,554,0.918369229350182
38660,242280,,88085,68450,387,0.777090310495544
38700,38903,27057,17720,16331,2507,0.921613995485327
38740,42792,19089,19555,17964,605,0.918639734083355
38780,19840,17875,9531,8485,456,0.890252859091386
38820,71411,23977,30637,26985,1942,0.880797728237099
38860,515398,28161,288230,268679,2831,0.932168754119974
38900,2232607,29218,1198921,1076276,2869,0.897703852046966
38940,424743,24020,196190,167525,2095,0.85389163565931
39020,79122,17975,32177,28353,965,0.881157348416571
39060,147935,23417,70403,63977,1436,0.908725480448276
39100,670242,31557,347713,313805,5770,0.902482794718633
39140,211280,23071,93610,83953,1300,0.896837944664032
39220,21153,20729,9781,8849,708,0.904713219507208
39260,21102,22158,9398,7719,1673,0.821344967014258
39300,1601210,27334,866735,777951,3458,0.897564999682717
39340,526804,21435,245196,227725,1340,0.928746798479584
39380,159072,22427,73558,65192,1052,0.886266619538324
39420,44997,13651,22188,20790,1768,0.936992969172526
39460,160380,23420,63942,55115,1791,0.861953019924306
39500,77301,23626,40284,37521,1507,0.931411974977659
39540,195024,27908,101262,91377,3487,0.902381939918232
39580,1135165,31870,614731,563777,1736,0.917111712277403
39660,126696,25739,69318,62927,2237,0.907801725381575
39700,21983,14993,6052,5557,705,0.918208856576338
39740,411094,26710,216029,195543,3215,0.905170139194275
39780,63200,20295,26937,22769,1272,0.845268589672198
39820,177693,21882,79552,68502,1663,0.861097144006436
39860,46144,29448,25288,23733,2096,0.938508383422967
39900,426020,27359,230093,204957,1887,0.890757215560665
39940,50434,12105,23747,21893,1062,0.921926980250137
39980,68797,22036,33049,29151,890,0.882053919937063
40060,1260202,30204,666058,606128,1804,0.910022850862838
40080,100264,18288,49441,44759,949,0.905301268178233
40100,60882,12258,22847,19989,553,0.874906989976802
40140,4234011,24970,1970256,1675890,2381,0.850595049577314
40180,40103,22732,20921,18935,1224,0.905071459299269
40220,308238,26699,157877,147218,1411,0.932485415861715
40260,76652,18019,32735,27259,865,0.832717275087827
40300,53378,27696,28633,25827,3157,0.902001187441065
40340,186214,32967,104916,100319,1912,0.9561839948149
40380,1054160,27000,544452,502253,3779,0.922492708264457
40420,348574,25613,177317,156099,3359,0.880338602615655
40460,46608,18524,19475,16136,805,0.828549422336329
40500,39848,24221,20942,19786,2335,0.94479992359851
40540,43890,33243,24033,22670,1098,0.943286314650689
40580,151798,21483,74382,63848,955,0.858379715522573
40620,44825,18869,21038,19245,799,0.914773267420857
40660,96204,21062,45020,39587,1021,0.879320302087961
40700,107391,20607,47506,41032,1321,0.86372247716078
40740,65343,20910,28950,26975,552,0.931778929188256
40760,20440,21726,9888,9019,755,0.91211569579288
40780,83886,18893,40145,37340,542,0.930128284966995
40820,62753,17722,29015,25951,487,0.894399448561089
40860,61599,24655,33550,30650,3236,0.913561847988077
40900,2153736,28992,1078384,947139,2576,0.87829474472915
40940,45707,22782,17828,15799,648,0.886190262508414
40980,200017,22479,92323,80211,1714,0.868808422603252
41060,188867,25403,108062,100129,1827,0.926588439969647
41100,139484,22343,59122,53267,1324,0.900967490950915
41140,127176,23217,63631,58760,955,0.923449262152096
41180,2810367,28048,1486779,1346886,2064,0.905908679097566
41220,50435,25568,25735,19848,1360,0.77124538566155
41260,31981,25058,16139,15014,1428,0.930293078877254
41420,390839,23637,188224,164290,2221,0.872842995579735
41460,61592,25712,33623,31734,1540,0.943818219671059
41500,416199,24083,204087,176109,2874,0.862911405430037
41540,125342,23335,61952,55702,1562,0.899115444214876
41580,138189,22527,65811,58230,1012,0.884806491316041
41620,1126982,27562,595617,551307,1658,0.925606555890782
41660,112030,22033,58309,50500,1275,0.866075562949116
41700,2149153,25177,1068170,963525,2533,0.902033384199144
41740,3100500,29939,1614267,1386825,3086,0.859105092280273
41780,76952,25394,39015,35586,1828,0.912110726643599
41820,57876,23322,28967,25324,1261,0.874236199813581
41860,4348880,36092,2373298,2156180,4421,0.908516334653297
41900,137194,,38971,33547,324,0.860819583793077
41940,1843860,37483,975473,883107,4918,0.905311577050313
41980,2473084,,953757,797432,674,0.836095567319558
42020,270121,26531,135033,122615,3122,0.908037294587249
42060,423594,25452,216374,195057,2996,0.901480769408524
42100,262340,26776,140595,128218,3767,0.911966997403891
42140,144209,28026,77278,70063,1283,0.906635782499547
42180,23261,,8009,6917,628,0.863653389936322
42220,483456,30509,257859,232479,3202,0.901574116086699
42300,38919,20906,17402,14831,1361,0.852258361107919
42340,349163,26235,174511,154891,1528,0.887571557093822
42380,62628,22771,29226,27383,1562,0.93693971121604
42420,37613,22396,19853,18562,1711,0.934972044527276
42460,53279,20931,23938,22000,306,0.919040855543487
42500,24044,22042,11396,9858,735,0.865040365040365
42540,563129,23215,281100,258879,1867,0.920949839914621
42580,197681,26012,94893,86739,719,0.914071638582403
42620,77007,20757,35589,32700,509,0.918823231897496
42660,3453748,34303,1910258,1728942,3434,0.905082978320206
42680,138203,24069,62148,53337,1600,0.858225526163352
42700,98734,19195,37423,31811,960,0.850038746225583
42740,42044,21245,20452,18855,870,0.921914727166047
42780,39620,21878,19903,18755,1542,0.942320253228157
42820,43572,16163,17552,14147,323,0.806005013673655
42860,74038,21807,32896,28581,634,0.868829036964981
42900,35306,25218,16174,15186,2646,0.938914306912329
42940,90218,21432,48344,43987,597,0.909875062055271
42980,42414,25146,21623,19419,703,0.898071497942006
43060,69676,21939,31726,29595,640,0.93283111643447
43100,115377,27478,63379,58941,2980,0.929976806197636
43140,97890,20627,46427,40035,898,0.862321493958257
43180,45060,20915,21012,18767,773,0.893156291642871
43220,60545,24640,26023,22217,1932,0.853744764247012
43260,29097,28285,15573,14972,1357,0.961407564374237
43300,120641,23840,58593,53280,1564,0.909323639342584
43320,107415,18434,41283,34201,879,0.828452389603469
43340,399407,24334,197363,177499,628,0.899352968894879
43380,49359,25521,24825,22709,1431,0.914763343403827
43420,131118,22777,56223,47333,1071,0.841879657791295
43460,39192,20163,19392,17941,640,0.925175330033003
43500,29602,19507,12843,11701,515,0.911079965740092
43540,27753,33860,18944,17805,1731,0.939875422297297
43580,143176,24424,76436,72199,1590,0.94456800460516
43620,229333,29738,132609,127096,2196,0.958426652791289
43660,16855,24763,7498,7182,1054,0.957855428114164
43700,63045,18528,27950,25391,671,0.908443649373882
43740,77638,21327,36414,33339,1085,0.915554457076948
43780,319197,23177,161047,143215,1282,0.889274559600614
43860,88314,26067,39693,34365,1320,0.865769783085179
43900,284540,22162,138038,123136,744,0.892044219707617
43940,24063,24137,13370,12785,1964,0.956245325355273
43980,16649,26453,9210,8579,1332,0.931487513572204
44020,16778,27473,9466,9037,1478,0.954679907035707
44060,470375,25828,238103,212801,2102,0.893735064236906
44100,210202,30213,113901,104946,2399,0.921379092369689
44140,694411,25254,360604,325690,3021,0.903179110603321
44180,437188,22171,222684,203943,1015,0.915840383682707
44220,138278,23284,66922,59394,1469,0.887510833507666
44260,47486,14470,23003,19791,873,0.860366039212277
44300,153758,21047,78070,73291,2307,0.938785705136416
44340,70360,17322,32672,29825,1076,0.912861165523996
44380,159614,25751,80250,71381,1075,0.889482866043614
44420,118598,25289,58060,54612,1036,0.94061315880124
44500,38192,20068,19938,18904,1604,0.948139231618016
44540,22541,20952,12294,11022,775,0.896534895070766
44580,58400,24425,29040,26570,2128,0.914944903581267
44600,123958,22063,57769,52273,679,0.904862469490557
44620,70027,23234,39282,36285,2579,0.923705513975867
44660,77125,16670,39991,37614,1032,0.940561626365932
44700,687036,23886,320348,269936,2273,0.842633635920936
44740,20215,24008,11129,10761,1209,0.966933237487645
44780,61314,23654,28661,24274,1384,0.846934859216357
44860,35088,21738,16686,15387,1390,0.922150305645451
44900,25905,19817,10542,9487,548,0.899924113071523
44940,107279,22066,50501,40943,624,0.810736421060969
44980,94441,22137,45303,41207,1121,0.909586561596362
45000,34628,21209,11640,10299,1408,0.88479381443299
45020,15104,19927,7349,6803,726,0.925704177439107
45060,661211,26884,333151,307297,3194,0.92239555036605
45140,47165,18973,20424,18595,522,0.910448491970231
45180,82194,18423,36850,31441,365,0.853215739484396
45220,368342,24892,193286,172151,1481,0.890654263630061
45260,12113,15786,4976,4003,199,0.804461414790997
45300,2793814,25692,1388566,1229909,1648,0.885740396927478
45340,32775,20033,16592,14231,692,0.857702507232401
45380,34805,24455,16622,15513,1357,0.933281193598845
45460,172316,21194,81609,74440,756,0.912154296707471
45500,135909,22096,62631,56657,993,0.904615925021156
45520,25113,21981,12024,10990,2008,0.914005322687957
45540,94240,23404,24248,21406,1838,0.882794457274827
45580,27061,19199,12089,10227,708,0.845975680370585
45620,44715,20122,17980,15665,1076,0.871245828698554
45640,162628,24441,82304,72955,948,0.886408923017107
45660,56630,22816,28649,25427,1174,0.887535341547698
45700,40430,19545,18260,16666,1072,0.912705366922234
45740,26003,19249,11768,10480,926,0.890550645819171
45780,651532,24004,338130,296461,2029,0.876766332475675
45820,233473,27191,121984,113128,1782,0.927400314795383
45860,189277,35018,108057,99771,4355,0.923318248702074
45900,143945,24250,74074,66624,1897,0.8994248994249
45940,366442,32336,196112,175918,6675,0.897028228767235
45980,32750,18658,15834,14244,319,0.899583175445244
46020,98521,27653,48012,42883,2901,0.893172540198284
46060,981048,24534,471912,419155,1703,0.888205851938497
46100,100174,20651,46686,41076,834,0.879835496722786
46140,936717,26078,474923,441401,1234,0.929415926371222
46180,136559,21655,64195,59236,709,0.922750993067996
46220,219071,20351,103369,93956,494,0.908937882730799
46260,21214,16140,9450,7859,332,0.831640211640212
46300,99262,22079,47094,43860,1123,0.931328831698305
46340,209691,23663,102604,94439,1616,0.920422205761959
46380,87577,21970,43131,38095,2065,0.8832394333542
46420,28804,19429,12926,10856,510,0.839857651245552
46460,38479,21189,17550,15459,581,0.880854700854701
46500,39982,25160,19930,17854,1472,0.895835423983944
46540,298811,25043,145207,133363,2584,0.918433684326513
46580,33033,,10228,7063,406,0.690555338287055
46620,26434,16402,11339,10101,910,0.890819296234236
46660,139886,20142,68718,57295,1049,0.833769900171716
46700,414209,31546,212113,181736,2654,0.856788598530029
46740,34228,18092,15488,12999,291,0.839294938016529
46780,28808,23948,14794,13340,1158,0.901716912261728
46820,13966,14311,7882,7289,1890,0.92476528799797
46860,32809,26971,15328,14211,1062,0.927126826722338
46900,13451,22079,5929,5654,998,0.953617810760668
46980,48419,23462,22331,20365,709,0.911960951144149
47020,115777,24295,57133,52510,1610,0.91908354191098
47080,36324,20250,15112,14088,608,0.93223928004235
47180,38392,21520,18558,17199,724,0.926770126091174
47220,156864,24677,73603,63675,4012,0.86511419371493
47260,1674571,29868,912065,766108,2151,0.83997083541195
47300,441877,19959,197285,169283,1373,0.858063208049269
47340,32804,20924,15990,14345,384,0.897123202001251
47380,234626,21327,113219,104749,1758,0.92518923502239
47420,22879,26375,12445,11936,1301,0.959100040176778
47460,58643,21983,27368,25699,2038,0.939016369482608
47500,38665,18397,16759,14239,520,0.849633032997195
47540,45934,27354,24075,22272,1393,0.925109034267913
47580,140699,29514,72882,62512,1249,0.857715210888834
47620,41613,23085,20506,19024,1381,0.927728469716181
47660,52964,22127,27560,22768,1099,0.826124818577649
47700,77328,25859,40837,36673,860,0.898033645958322
47780,31604,23841,14950,14272,827,0.954648829431438
47820,47542,20964,22030,19242,751,0.873445301861099
47900,5603696,42598,3238099,2976833,3683,0.919315005501685
47920,28931,21034,14503,12748,1368,0.878990553678549
47940,167568,25595,90530,84292,1784,0.931094664752016
47980,33159,25619,18138,17335,1462,0.955728305215569
48020,83751,26934,47282,43892,3308,0.928302525273889
48060,117011,25407,59647,45053,2151,0.755327174878871
48100,27347,16693,11616,10007,982,0.861484159779614
48140,134041,27688,74779,69248,2711,0.926035384265636
48180,54730,20102,22679,20391,783,0.899113717536047
48220,27583,21889,14219,13607,688,0.956958998523103
48300,110800,24144,54705,50057,2056,0.915035188739603
48460,40330,18834,17302,15891,637,0.918448734250376
48500,20633,17731,9169,7370,565,0.803795397535173
48540,147482,21407,70322,64681,707,0.91978328261426
48580,102310,25992,56011,51601,3538,0.921265465712092
48620,621281,27055,325246,296047,1605,0.910224875940058
48660,150681,23408,75473,64877,1548,0.859605421806474
48700,116447,22289,59627,54472,1840,0.913545876867862
48740,118046,28436,65344,58181,3257,0.89038014201763
48780,23287,32697,13271,13057,1470,0.983874613819607
48820,42150,25665,23297,21826,1544,0.936858823024424
48900,363648,25326,186513,165386,1269,0.886726394406824
48940,42161,23565,21500,18875,1367,0.877906976744186
48980,81020,21992,39466,34343,1132,0.870192064055136
49020,128518,27081,65983,61200,1179,0.927511631783944
49060,36259,21841,17358,15960,1270,0.919460767369513
49100,51481,21475,30434,28099,1587,0.923276598541105
49180,478029,25430,237805,214322,1334,0.901251024999474
49260,20232,26841,9800,9392,580,0.958367346938775
49300,114644,24359,58435,54529,1793,0.93315649867374
49340,799277,31288,434459,396075,3322,0.911651041870464
49380,21349,23194,11391,10722,1033,0.941269423228865
49420,242454,21193,110714,98620,1592,0.890763589067327
49460,22434,24961,11925,11432,1700,0.958658280922432
49500,106925,,34614,24475,344,0.707083838909112
49540,28220,15179,11086,8895,559,0.802363341151001
49620,434579,29089,234690,215573,2867,0.918543610720525
49660,564768,22522,267778,239984,1452,0.896205065389987
49700,166859,22259,77449,62783,1814,0.810636677039084
49740,196420,20769,81798,67662,958,0.827184038729553
49780,85996,20964,41522,37191,1344,0.89569384904388
